Filename,Labels
0000.jpg,buildings
0001.jpg,forest
0002.jpg,forest
0003.jpg,sea
0004.jpg,street
0005.jpg,sea
0006.jpg,glacier
0007.jpg,street
0008.jpg,glacier
0009.jpg,buildings
0010.jpg,mountain
0011.jpg,buildings
0012.jpg,mountain
0013.jpg,sea
0014.jpg,buildings
0015.jpg,forest
0016.jpg,sea
0017.jpg,mountain
0018.jpg,buildings
0019.jpg,glacier
0020.jpg,glacier
0021.jpg,street
0022.jpg,street
0023.jpg,glacier
0024.jpg,mountain
0025.jpg,forest
0026.jpg,street
0027.jpg,street
0028.jpg,street
0029.jpg,sea
0030.jpg,buildings
0031.jpg,glacier
0032.jpg,glacier
0033.jpg,forest
0034.jpg,mountain
0035.jpg,glacier
0036.jpg,buildings
0037.jpg,glacier
0038.jpg,forest
0039.jpg,mountain
0040.jpg,sea
0041.jpg,sea
0042.jpg,street
0043.jpg,forest
0044.jpg,forest
0045.jpg,mountain
0046.jpg,street
0047.jpg,mountain
0048.jpg,street
0049.jpg,street
0050.jpg,sea
0051.jpg,forest
0052.jpg,mountain
0053.jpg,forest
0054.jpg,glacier
0055.jpg,forest
0056.jpg,forest
0057.jpg,buildings
0058.jpg,glacier
0059.jpg,street
0060.jpg,street
0061.jpg,forest
0062.jpg,forest
0063.jpg,street
0064.jpg,sea
0065.jpg,forest
0066.jpg,street
0067.jpg,forest
0068.jpg,sea
0069.jpg,buildings
0070.jpg,sea
0071.jpg,buildings
0072.jpg,sea
0073.jpg,glacier
0074.jpg,mountain
0075.jpg,glacier
0076.jpg,forest
0077.jpg,sea
0078.jpg,buildings
0079.jpg,sea
0080.jpg,glacier
0081.jpg,street
0082.jpg,street
0083.jpg,mountain
0084.jpg,forest
0085.jpg,buildings
0086.jpg,forest
0087.jpg,street
0088.jpg,mountain
0089.jpg,buildings
0090.jpg,forest
0091.jpg,sea
0092.jpg,mountain
0093.jpg,buildings
0094.jpg,glacier
0095.jpg,mountain
0096.jpg,mountain
0097.jpg,sea
0098.jpg,forest
0099.jpg,sea
0100.jpg,street
0101.jpg,glacier
0102.jpg,glacier
0103.jpg,sea
0104.jpg,glacier
0105.jpg,mountain
0106.jpg,forest
0107.jpg,street
0108.jpg,mountain
0109.jpg,street
0110.jpg,sea
0111.jpg,street
0112.jpg,street
0113.jpg,mountain
0114.jpg,forest
0115.jpg,street
0116.jpg,glacier
0117.jpg,street
0118.jpg,street
0119.jpg,buildings
0120.jpg,mountain
0121.jpg,forest
0122.jpg,street
0123.jpg,mountain
0124.jpg,mountain
0125.jpg,buildings
0126.jpg,sea
0127.jpg,sea
0128.jpg,street
0129.jpg,glacier
0130.jpg,forest
0131.jpg,forest
0132.jpg,sea
0133.jpg,sea
0134.jpg,street
0135.jpg,glacier
0136.jpg,glacier
0137.jpg,street
0138.jpg,forest
0139.jpg,buildings
0140.jpg,buildings
0141.jpg,sea
0142.jpg,sea
0143.jpg,mountain
0144.jpg,mountain
0145.jpg,glacier
0146.jpg,mountain
0147.jpg,buildings
0148.jpg,sea
0149.jpg,glacier
0150.jpg,mountain
0151.jpg,sea
0152.jpg,glacier
0153.jpg,glacier
0154.jpg,glacier
0155.jpg,forest
0156.jpg,street
0157.jpg,mountain
0158.jpg,glacier
0159.jpg,buildings
0160.jpg,street
0161.jpg,buildings
0162.jpg,sea
0163.jpg,glacier
0164.jpg,forest
0165.jpg,forest
0166.jpg,street
0167.jpg,street
0168.jpg,glacier
0169.jpg,forest
0170.jpg,mountain
0171.jpg,buildings
0172.jpg,sea
0173.jpg,sea
0174.jpg,forest
0175.jpg,sea
0176.jpg,glacier
0177.jpg,buildings
0178.jpg,buildings
0179.jpg,street
0180.jpg,street
0181.jpg,sea
0182.jpg,street
0183.jpg,forest
0184.jpg,sea
0185.jpg,sea
0186.jpg,sea
0187.jpg,sea
0188.jpg,forest
0189.jpg,glacier
0190.jpg,glacier
0191.jpg,sea
0192.jpg,forest
0193.jpg,forest
0194.jpg,buildings
0195.jpg,forest
0196.jpg,mountain
0197.jpg,glacier
0198.jpg,forest
0199.jpg,mountain
0200.jpg,street
0201.jpg,glacier
0202.jpg,sea
0203.jpg,mountain
0204.jpg,street
0205.jpg,mountain
0206.jpg,glacier
0207.jpg,mountain
0208.jpg,mountain
0209.jpg,street
0210.jpg,mountain
0211.jpg,forest
0212.jpg,mountain
0213.jpg,mountain
0214.jpg,street
0215.jpg,street
0216.jpg,street
0217.jpg,buildings
0218.jpg,sea
0219.jpg,buildings
0220.jpg,street
0221.jpg,forest
0222.jpg,buildings
0223.jpg,sea
0224.jpg,mountain
0225.jpg,buildings
0226.jpg,buildings
0227.jpg,mountain
0228.jpg,buildings
0229.jpg,mountain
0230.jpg,glacier
0231.jpg,street
0232.jpg,sea
0233.jpg,mountain
0234.jpg,sea
0235.jpg,forest
0236.jpg,glacier
0237.jpg,mountain
0238.jpg,street
0239.jpg,sea
0240.jpg,glacier
0241.jpg,mountain
0242.jpg,forest
0243.jpg,mountain
0244.jpg,glacier
0245.jpg,sea
0246.jpg,street
0247.jpg,sea
0248.jpg,glacier
0249.jpg,forest
0250.jpg,forest
0251.jpg,sea
0252.jpg,forest
0253.jpg,buildings
0254.jpg,sea
0255.jpg,forest
0256.jpg,buildings
0257.jpg,mountain
0258.jpg,mountain
0259.jpg,sea
0260.jpg,forest
0261.jpg,sea
0262.jpg,forest
0263.jpg,street
0264.jpg,mountain
0265.jpg,street
0266.jpg,glacier
0267.jpg,sea
0268.jpg,sea
0269.jpg,buildings
0270.jpg,street
0271.jpg,glacier
0272.jpg,sea
0273.jpg,buildings
0274.jpg,buildings
0275.jpg,street
0276.jpg,buildings
0277.jpg,glacier
0278.jpg,mountain
0279.jpg,street
0280.jpg,mountain
0281.jpg,forest
0282.jpg,glacier
0283.jpg,sea
0284.jpg,buildings
0285.jpg,forest
0286.jpg,glacier
0287.jpg,mountain
0288.jpg,mountain
0289.jpg,buildings
0290.jpg,mountain
0291.jpg,glacier
0292.jpg,glacier
0293.jpg,forest
0294.jpg,buildings
0295.jpg,mountain
0296.jpg,glacier
0297.jpg,street
0298.jpg,glacier
0299.jpg,glacier
0300.jpg,mountain
0301.jpg,street
0302.jpg,mountain
0303.jpg,glacier
0304.jpg,glacier
0305.jpg,forest
0306.jpg,forest
0307.jpg,mountain
0308.jpg,forest
0309.jpg,glacier
0310.jpg,forest
0311.jpg,glacier
0312.jpg,mountain
0313.jpg,forest
0314.jpg,sea
0315.jpg,sea
0316.jpg,glacier
0317.jpg,buildings
0318.jpg,mountain
0319.jpg,mountain
0320.jpg,buildings
0321.jpg,buildings
0322.jpg,mountain
0323.jpg,buildings
0324.jpg,forest
0325.jpg,mountain
0326.jpg,forest
0327.jpg,buildings
0328.jpg,street
0329.jpg,mountain
0330.jpg,buildings
0331.jpg,mountain
0332.jpg,glacier
0333.jpg,street
0334.jpg,sea
0335.jpg,forest
0336.jpg,street
0337.jpg,mountain
0338.jpg,street
0339.jpg,forest
0340.jpg,street
0341.jpg,glacier
0342.jpg,mountain
0343.jpg,glacier
0344.jpg,glacier
0345.jpg,sea
0346.jpg,street
0347.jpg,street
0348.jpg,forest
0349.jpg,buildings
0350.jpg,sea
0351.jpg,mountain
0352.jpg,mountain
0353.jpg,mountain
0354.jpg,sea
0355.jpg,street
0356.jpg,mountain
0357.jpg,mountain
0358.jpg,glacier
0359.jpg,glacier
0360.jpg,buildings
0361.jpg,mountain
0362.jpg,buildings
0363.jpg,buildings
0364.jpg,forest
0365.jpg,sea
0366.jpg,street
0367.jpg,glacier
0368.jpg,glacier
0369.jpg,forest
0370.jpg,forest
0371.jpg,street
0372.jpg,buildings
0373.jpg,forest
0374.jpg,mountain
0375.jpg,sea
0376.jpg,mountain
0377.jpg,street
0378.jpg,street
0379.jpg,buildings
0380.jpg,buildings
0381.jpg,mountain
0382.jpg,buildings
0383.jpg,sea
0384.jpg,forest
0385.jpg,forest
0386.jpg,glacier
0387.jpg,buildings
0388.jpg,forest
0389.jpg,sea
0390.jpg,buildings
0391.jpg,forest
0392.jpg,sea
0393.jpg,street
0394.jpg,sea
0395.jpg,forest
0396.jpg,sea
0397.jpg,glacier
0398.jpg,buildings
0399.jpg,sea
0400.jpg,sea
0401.jpg,forest
0402.jpg,forest
0403.jpg,forest
0404.jpg,forest
0405.jpg,sea
0406.jpg,buildings
0407.jpg,buildings
0408.jpg,mountain
0409.jpg,forest
0410.jpg,mountain
0411.jpg,sea
0412.jpg,mountain
0413.jpg,glacier
0414.jpg,street
0415.jpg,street
0416.jpg,glacier
0417.jpg,glacier
0418.jpg,street
0419.jpg,glacier
0420.jpg,mountain
0421.jpg,buildings
0422.jpg,sea
0423.jpg,sea
0424.jpg,forest
0425.jpg,sea
0426.jpg,street
0427.jpg,glacier
0428.jpg,glacier
0429.jpg,sea
0430.jpg,street
0431.jpg,street
0432.jpg,glacier
0433.jpg,sea
0434.jpg,street
0435.jpg,street
0436.jpg,street
0437.jpg,mountain
0438.jpg,mountain
0439.jpg,sea
0440.jpg,forest
0441.jpg,glacier
0442.jpg,sea
0443.jpg,mountain
0444.jpg,street
0445.jpg,buildings
0446.jpg,sea
0447.jpg,street
0448.jpg,forest
0449.jpg,buildings
0450.jpg,sea
0451.jpg,buildings
0452.jpg,forest
0453.jpg,street
0454.jpg,street
0455.jpg,buildings
0456.jpg,glacier
0457.jpg,street
0458.jpg,mountain
0459.jpg,forest
0460.jpg,glacier
0461.jpg,sea
0462.jpg,glacier
0463.jpg,buildings
0464.jpg,glacier
0465.jpg,mountain
0466.jpg,mountain
0467.jpg,forest
0468.jpg,sea
0469.jpg,sea
0470.jpg,sea
0471.jpg,mountain
0472.jpg,mountain
0473.jpg,mountain
0474.jpg,glacier
0475.jpg,street
0476.jpg,forest
0477.jpg,street
0478.jpg,street
0479.jpg,sea
0480.jpg,forest
0481.jpg,street
0482.jpg,forest
0483.jpg,mountain
0484.jpg,buildings
0485.jpg,sea
0486.jpg,glacier
0487.jpg,forest
0488.jpg,street
0489.jpg,forest
0490.jpg,glacier
0491.jpg,buildings
0492.jpg,glacier
0493.jpg,sea
0494.jpg,glacier
0495.jpg,street
0496.jpg,mountain
0497.jpg,street
0498.jpg,forest
0499.jpg,mountain
0500.jpg,sea
0501.jpg,buildings
0502.jpg,street
0503.jpg,forest
0504.jpg,sea
0505.jpg,buildings
0506.jpg,mountain
0507.jpg,street
0508.jpg,street
0509.jpg,sea
0510.jpg,forest
0511.jpg,mountain
0512.jpg,mountain
0513.jpg,buildings
0514.jpg,sea
0515.jpg,forest
0516.jpg,street
0517.jpg,glacier
0518.jpg,street
0519.jpg,mountain
0520.jpg,glacier
0521.jpg,buildings
0522.jpg,glacier
0523.jpg,street
0524.jpg,buildings
0525.jpg,buildings
0526.jpg,mountain
0527.jpg,forest
0528.jpg,buildings
0529.jpg,mountain
0530.jpg,forest
0531.jpg,sea
0532.jpg,mountain
0533.jpg,forest
0534.jpg,buildings
0535.jpg,mountain
0536.jpg,glacier
0537.jpg,glacier
0538.jpg,sea
0539.jpg,buildings
0540.jpg,glacier
0541.jpg,buildings
0542.jpg,forest
0543.jpg,buildings
0544.jpg,buildings
0545.jpg,street
0546.jpg,sea
0547.jpg,sea
0548.jpg,buildings
0549.jpg,forest
0550.jpg,street
0551.jpg,sea
0552.jpg,forest
0553.jpg,street
0554.jpg,buildings
0555.jpg,buildings
0556.jpg,mountain
0557.jpg,glacier
0558.jpg,mountain
0559.jpg,sea
0560.jpg,sea
0561.jpg,buildings
0562.jpg,buildings
0563.jpg,forest
0564.jpg,forest
0565.jpg,buildings
0566.jpg,glacier
0567.jpg,street
0568.jpg,glacier
0569.jpg,street
0570.jpg,buildings
0571.jpg,mountain
0572.jpg,buildings
0573.jpg,buildings
0574.jpg,mountain
0575.jpg,glacier
0576.jpg,forest
0577.jpg,mountain
0578.jpg,buildings
0579.jpg,street
0580.jpg,street
0581.jpg,street
0582.jpg,street
0583.jpg,mountain
0584.jpg,sea
0585.jpg,mountain
0586.jpg,sea
0587.jpg,mountain
0588.jpg,street
0589.jpg,glacier
0590.jpg,glacier
0591.jpg,sea
0592.jpg,forest
0593.jpg,mountain
0594.jpg,glacier
0595.jpg,buildings
0596.jpg,street
0597.jpg,forest
0598.jpg,street
0599.jpg,glacier
0600.jpg,mountain
0601.jpg,buildings
0602.jpg,buildings
0603.jpg,glacier
0604.jpg,mountain
0605.jpg,street
0606.jpg,mountain
0607.jpg,street
0608.jpg,sea
0609.jpg,sea
0610.jpg,forest
0611.jpg,sea
0612.jpg,glacier
0613.jpg,street
0614.jpg,street
0615.jpg,buildings
0616.jpg,mountain
0617.jpg,sea
0618.jpg,buildings
0619.jpg,forest
0620.jpg,sea
0621.jpg,forest
0622.jpg,buildings
0623.jpg,glacier
0624.jpg,forest
0625.jpg,buildings
0626.jpg,buildings
0627.jpg,buildings
0628.jpg,glacier
0629.jpg,glacier
0630.jpg,street
0631.jpg,street
0632.jpg,sea
0633.jpg,forest
0634.jpg,sea
0635.jpg,mountain
0636.jpg,glacier
0637.jpg,sea
0638.jpg,buildings
0639.jpg,buildings
0640.jpg,sea
0641.jpg,mountain
0642.jpg,forest
0643.jpg,street
0644.jpg,sea
0645.jpg,forest
0646.jpg,street
0647.jpg,forest
0648.jpg,mountain
0649.jpg,mountain
0650.jpg,street
0651.jpg,mountain
0652.jpg,street
0653.jpg,sea
0654.jpg,sea
0655.jpg,sea
0656.jpg,mountain
0657.jpg,forest
0658.jpg,buildings
0659.jpg,buildings
0660.jpg,street
0661.jpg,sea
0662.jpg,forest
0663.jpg,sea
0664.jpg,buildings
0665.jpg,street
0666.jpg,forest
0667.jpg,sea
0668.jpg,forest
0669.jpg,buildings
0670.jpg,sea
0671.jpg,forest
0672.jpg,forest
0673.jpg,glacier
0674.jpg,sea
0675.jpg,street
0676.jpg,street
0677.jpg,forest
0678.jpg,street
0679.jpg,buildings
0680.jpg,mountain
0681.jpg,sea
0682.jpg,glacier
0683.jpg,forest
0684.jpg,street
0685.jpg,forest
0686.jpg,street
0687.jpg,forest
0688.jpg,mountain
0689.jpg,street
0690.jpg,forest
0691.jpg,mountain
0692.jpg,street
0693.jpg,mountain
0694.jpg,sea
0695.jpg,glacier
0696.jpg,buildings
0697.jpg,mountain
0698.jpg,forest
0699.jpg,street
0700.jpg,street
0701.jpg,mountain
0702.jpg,mountain
0703.jpg,mountain
0704.jpg,buildings
0705.jpg,mountain
0706.jpg,glacier
0707.jpg,street
0708.jpg,buildings
0709.jpg,street
0710.jpg,glacier
0711.jpg,forest
0712.jpg,sea
0713.jpg,forest
0714.jpg,mountain
0715.jpg,forest
0716.jpg,mountain
0717.jpg,street
0718.jpg,sea
0719.jpg,mountain
0720.jpg,street
0721.jpg,buildings
0722.jpg,buildings
0723.jpg,sea
0724.jpg,glacier
0725.jpg,glacier
0726.jpg,buildings
0727.jpg,forest
0728.jpg,street
0729.jpg,glacier
0730.jpg,mountain
0731.jpg,glacier
0732.jpg,glacier
0733.jpg,sea
0734.jpg,street
0735.jpg,sea
0736.jpg,mountain
0737.jpg,sea
0738.jpg,glacier
0739.jpg,buildings
0740.jpg,street
0741.jpg,mountain
0742.jpg,forest
0743.jpg,street
0744.jpg,buildings
0745.jpg,street
0746.jpg,street
0747.jpg,street
0748.jpg,mountain
0749.jpg,street
0750.jpg,glacier
0751.jpg,buildings
0752.jpg,glacier
0753.jpg,sea
0754.jpg,mountain
0755.jpg,forest
0756.jpg,street
0757.jpg,mountain
0758.jpg,mountain
0759.jpg,sea
0760.jpg,mountain
0761.jpg,sea
0762.jpg,forest
0763.jpg,street
0764.jpg,glacier
0765.jpg,forest
0766.jpg,mountain
0767.jpg,sea
0768.jpg,glacier
0769.jpg,mountain
0770.jpg,forest
0771.jpg,mountain
0772.jpg,mountain
0773.jpg,street
0774.jpg,forest
0775.jpg,sea
0776.jpg,glacier
0777.jpg,sea
0778.jpg,forest
0779.jpg,sea
0780.jpg,forest
0781.jpg,forest
0782.jpg,mountain
0783.jpg,mountain
0784.jpg,sea
0785.jpg,buildings
0786.jpg,street
0787.jpg,street
0788.jpg,glacier
0789.jpg,buildings
0790.jpg,glacier
0791.jpg,mountain
0792.jpg,glacier
0793.jpg,sea
0794.jpg,mountain
0795.jpg,sea
0796.jpg,glacier
0797.jpg,mountain
0798.jpg,sea
0799.jpg,glacier
0800.jpg,mountain
0801.jpg,forest
0802.jpg,glacier
0803.jpg,street
0804.jpg,buildings
0805.jpg,sea
0806.jpg,mountain
0807.jpg,glacier
0808.jpg,street
0809.jpg,street
0810.jpg,mountain
0811.jpg,buildings
0812.jpg,street
0813.jpg,street
0814.jpg,street
0815.jpg,sea
0816.jpg,forest
0817.jpg,glacier
0818.jpg,street
0819.jpg,forest
0820.jpg,forest
0821.jpg,street
0822.jpg,sea
0823.jpg,mountain
0824.jpg,buildings
0825.jpg,forest
0826.jpg,street
0827.jpg,buildings
0828.jpg,buildings
0829.jpg,buildings
0830.jpg,forest
0831.jpg,buildings
0832.jpg,glacier
0833.jpg,glacier
0834.jpg,street
0835.jpg,sea
0836.jpg,mountain
0837.jpg,street
0838.jpg,mountain
0839.jpg,glacier
0840.jpg,mountain
0841.jpg,glacier
0842.jpg,forest
0843.jpg,mountain
0844.jpg,buildings
0845.jpg,sea
0846.jpg,mountain
0847.jpg,glacier
0848.jpg,street
0849.jpg,mountain
0850.jpg,glacier
0851.jpg,forest
0852.jpg,mountain
0853.jpg,mountain
0854.jpg,buildings
0855.jpg,street
0856.jpg,sea
0857.jpg,mountain
0858.jpg,forest
0859.jpg,glacier
0860.jpg,buildings
0861.jpg,buildings
0862.jpg,mountain
0863.jpg,sea
0864.jpg,mountain
0865.jpg,glacier
0866.jpg,sea
0867.jpg,sea
0868.jpg,glacier
0869.jpg,mountain
0870.jpg,glacier
0871.jpg,forest
0872.jpg,forest
0873.jpg,mountain
0874.jpg,forest
0875.jpg,street
0876.jpg,forest
0877.jpg,mountain
0878.jpg,sea
0879.jpg,street
0880.jpg,street
0881.jpg,sea
0882.jpg,glacier
0883.jpg,mountain
0884.jpg,street
0885.jpg,mountain
0886.jpg,forest
0887.jpg,glacier
0888.jpg,buildings
0889.jpg,forest
0890.jpg,buildings
0891.jpg,buildings
0892.jpg,forest
0893.jpg,forest
0894.jpg,street
0895.jpg,buildings
0896.jpg,street
0897.jpg,sea
0898.jpg,glacier
0899.jpg,buildings
0900.jpg,glacier
0901.jpg,buildings
0902.jpg,mountain
0903.jpg,sea
0904.jpg,forest
0905.jpg,glacier
0906.jpg,street
0907.jpg,forest
0908.jpg,street
0909.jpg,sea
0910.jpg,street
0911.jpg,forest
0912.jpg,forest
0913.jpg,street
0914.jpg,buildings
0915.jpg,buildings
0916.jpg,sea
0917.jpg,forest
0918.jpg,glacier
0919.jpg,forest
0920.jpg,forest
0921.jpg,street
0922.jpg,sea
0923.jpg,mountain
0924.jpg,forest
0925.jpg,street
0926.jpg,street
0927.jpg,street
0928.jpg,street
0929.jpg,glacier
0930.jpg,street
0931.jpg,buildings
0932.jpg,forest
0933.jpg,mountain
0934.jpg,sea
0935.jpg,buildings
0936.jpg,mountain
0937.jpg,buildings
0938.jpg,sea
0939.jpg,buildings
0940.jpg,glacier
0941.jpg,street
0942.jpg,forest
0943.jpg,glacier
0944.jpg,street
0945.jpg,street
0946.jpg,street
0947.jpg,glacier
0948.jpg,mountain
0949.jpg,sea
0950.jpg,mountain
0951.jpg,mountain
0952.jpg,glacier
0953.jpg,street
0954.jpg,mountain
0955.jpg,buildings
0956.jpg,buildings
0957.jpg,sea
0958.jpg,glacier
0959.jpg,forest
0960.jpg,mountain
0961.jpg,mountain
0962.jpg,sea
0963.jpg,sea
0964.jpg,sea
0965.jpg,mountain
0966.jpg,mountain
0967.jpg,mountain
0968.jpg,mountain
0969.jpg,forest
0970.jpg,forest
0971.jpg,sea
0972.jpg,forest
0973.jpg,buildings
0974.jpg,street
0975.jpg,buildings
0976.jpg,street
0977.jpg,buildings
0978.jpg,buildings
0979.jpg,glacier
0980.jpg,glacier
0981.jpg,street
0982.jpg,street
0983.jpg,forest
0984.jpg,street
0985.jpg,forest
0986.jpg,buildings
0987.jpg,glacier
0988.jpg,buildings
0989.jpg,mountain
0990.jpg,glacier
0991.jpg,street
0992.jpg,street
0993.jpg,buildings
0994.jpg,mountain
0995.jpg,street
0996.jpg,forest
0997.jpg,buildings
0998.jpg,mountain
0999.jpg,mountain
1000.jpg,buildings
1001.jpg,buildings
1002.jpg,forest
1003.jpg,street
1004.jpg,sea
1005.jpg,street
1006.jpg,forest
1007.jpg,forest
1008.jpg,mountain
1009.jpg,sea
1010.jpg,buildings
1011.jpg,forest
1012.jpg,glacier
1013.jpg,street
1014.jpg,street
1015.jpg,mountain
1016.jpg,glacier
1017.jpg,glacier
1018.jpg,buildings
1019.jpg,street
1020.jpg,glacier
1021.jpg,buildings
1022.jpg,sea
1023.jpg,mountain
1024.jpg,sea
1025.jpg,forest
1026.jpg,street
1027.jpg,forest
1028.jpg,glacier
1029.jpg,sea
1030.jpg,mountain
1031.jpg,buildings
1032.jpg,glacier
1033.jpg,forest
1034.jpg,buildings
1035.jpg,mountain
1036.jpg,forest
1037.jpg,street
1038.jpg,street
1039.jpg,mountain
1040.jpg,street
1041.jpg,glacier
1042.jpg,street
1043.jpg,mountain
1044.jpg,buildings
1045.jpg,forest
1046.jpg,street
1047.jpg,glacier
1048.jpg,street
1049.jpg,mountain
1050.jpg,mountain
1051.jpg,sea
1052.jpg,street
1053.jpg,buildings
1054.jpg,mountain
1055.jpg,glacier
1056.jpg,sea
1057.jpg,glacier
1058.jpg,buildings
1059.jpg,mountain
1060.jpg,mountain
1061.jpg,mountain
1062.jpg,mountain
1063.jpg,mountain
1064.jpg,forest
1065.jpg,street
1066.jpg,glacier
1067.jpg,buildings
1068.jpg,forest
1069.jpg,street
1070.jpg,buildings
1071.jpg,street
1072.jpg,glacier
1073.jpg,mountain
1074.jpg,buildings
1075.jpg,sea
1076.jpg,mountain
1077.jpg,sea
1078.jpg,forest
1079.jpg,buildings
1080.jpg,buildings
1081.jpg,buildings
1082.jpg,forest
1083.jpg,mountain
1084.jpg,glacier
1085.jpg,glacier
1086.jpg,glacier
1087.jpg,sea
1088.jpg,sea
1089.jpg,buildings
1090.jpg,sea
1091.jpg,sea
1092.jpg,mountain
1093.jpg,mountain
1094.jpg,glacier
1095.jpg,glacier
1096.jpg,buildings
1097.jpg,street
1098.jpg,glacier
1099.jpg,buildings
1100.jpg,street
1101.jpg,sea
1102.jpg,sea
1103.jpg,street
1104.jpg,forest
1105.jpg,forest
1106.jpg,buildings
1107.jpg,buildings
1108.jpg,street
1109.jpg,mountain
1110.jpg,mountain
1111.jpg,street
1112.jpg,forest
1113.jpg,buildings
1114.jpg,buildings
1115.jpg,buildings
1116.jpg,buildings
1117.jpg,forest
1118.jpg,mountain
1119.jpg,buildings
1120.jpg,mountain
1121.jpg,sea
1122.jpg,street
1123.jpg,street
1124.jpg,mountain
1125.jpg,glacier
1126.jpg,sea
1127.jpg,street
1128.jpg,buildings
1129.jpg,sea
1130.jpg,forest
1131.jpg,forest
1132.jpg,forest
1133.jpg,forest
1134.jpg,street
1135.jpg,forest
1136.jpg,glacier
1137.jpg,forest
1138.jpg,mountain
1139.jpg,mountain
1140.jpg,glacier
1141.jpg,sea
1142.jpg,buildings
1143.jpg,mountain
1144.jpg,forest
1145.jpg,forest
1146.jpg,mountain
1147.jpg,forest
1148.jpg,glacier
1149.jpg,glacier
1150.jpg,street
1151.jpg,forest
1152.jpg,mountain
1153.jpg,mountain
1154.jpg,mountain
1155.jpg,buildings
1156.jpg,mountain
1157.jpg,forest
1158.jpg,buildings
1159.jpg,forest
1160.jpg,forest
1161.jpg,sea
1162.jpg,mountain
1163.jpg,street
1164.jpg,buildings
1165.jpg,glacier
1166.jpg,buildings
1167.jpg,street
1168.jpg,forest
1169.jpg,buildings
1170.jpg,sea
1171.jpg,glacier
1172.jpg,glacier
1173.jpg,street
1174.jpg,sea
1175.jpg,street
1176.jpg,forest
1177.jpg,glacier
1178.jpg,glacier
1179.jpg,sea
1180.jpg,glacier
1181.jpg,glacier
1182.jpg,glacier
1183.jpg,mountain
1184.jpg,buildings
1185.jpg,buildings
1186.jpg,street
1187.jpg,buildings
1188.jpg,buildings
1189.jpg,street
1190.jpg,buildings
1191.jpg,mountain
1192.jpg,mountain
1193.jpg,sea
1194.jpg,buildings
1195.jpg,street
1196.jpg,mountain
1197.jpg,buildings
1198.jpg,glacier
1199.jpg,street
1200.jpg,buildings
1201.jpg,sea
1202.jpg,street
1203.jpg,mountain
1204.jpg,glacier
1205.jpg,glacier
1206.jpg,forest
1207.jpg,buildings
1208.jpg,forest
1209.jpg,glacier
1210.jpg,mountain
1211.jpg,mountain
1212.jpg,glacier
1213.jpg,glacier
1214.jpg,forest
1215.jpg,glacier
1216.jpg,sea
1217.jpg,sea
1218.jpg,street
1219.jpg,forest
1220.jpg,mountain
1221.jpg,forest
1222.jpg,mountain
1223.jpg,street
1224.jpg,forest
1225.jpg,forest
1226.jpg,mountain
1227.jpg,street
1228.jpg,sea
1229.jpg,street
1230.jpg,buildings
1231.jpg,forest
1232.jpg,street
1233.jpg,sea
1234.jpg,sea
1235.jpg,sea
1236.jpg,glacier
1237.jpg,forest
1238.jpg,mountain
1239.jpg,mountain
1240.jpg,forest
1241.jpg,mountain
1242.jpg,buildings
1243.jpg,street
1244.jpg,buildings
1245.jpg,sea
1246.jpg,glacier
1247.jpg,mountain
1248.jpg,sea
1249.jpg,glacier
1250.jpg,buildings
1251.jpg,glacier
1252.jpg,forest
1253.jpg,mountain
1254.jpg,forest
1255.jpg,sea
1256.jpg,glacier
1257.jpg,street
1258.jpg,forest
1259.jpg,forest
1260.jpg,forest
1261.jpg,mountain
1262.jpg,buildings
1263.jpg,sea
1264.jpg,street
1265.jpg,mountain
1266.jpg,glacier
1267.jpg,street
1268.jpg,buildings
1269.jpg,sea
1270.jpg,forest
1271.jpg,street
1272.jpg,glacier
1273.jpg,glacier
1274.jpg,street
1275.jpg,glacier
1276.jpg,glacier
1277.jpg,glacier
1278.jpg,street
1279.jpg,street
1280.jpg,forest
1281.jpg,street
1282.jpg,glacier
1283.jpg,sea
1284.jpg,buildings
1285.jpg,street
1286.jpg,buildings
1287.jpg,street
1288.jpg,buildings
1289.jpg,street
1290.jpg,sea
1291.jpg,sea
1292.jpg,street
1293.jpg,forest
1294.jpg,mountain
1295.jpg,forest
1296.jpg,sea
1297.jpg,street
1298.jpg,glacier
1299.jpg,forest
1300.jpg,mountain
1301.jpg,buildings
1302.jpg,forest
1303.jpg,forest
1304.jpg,sea
1305.jpg,glacier
1306.jpg,forest
1307.jpg,street
1308.jpg,forest
1309.jpg,mountain
1310.jpg,sea
1311.jpg,buildings
1312.jpg,street
1313.jpg,sea
1314.jpg,street
1315.jpg,glacier
1316.jpg,street
1317.jpg,street
1318.jpg,street
1319.jpg,sea
1320.jpg,street
1321.jpg,buildings
1322.jpg,street
1323.jpg,forest
1324.jpg,buildings
1325.jpg,glacier
1326.jpg,glacier
1327.jpg,street
1328.jpg,sea
1329.jpg,mountain
1330.jpg,buildings
1331.jpg,forest
1332.jpg,forest
1333.jpg,street
1334.jpg,glacier
1335.jpg,glacier
1336.jpg,sea
1337.jpg,street
1338.jpg,sea
1339.jpg,glacier
1340.jpg,sea
1341.jpg,glacier
1342.jpg,sea
1343.jpg,forest
1344.jpg,buildings
1345.jpg,glacier
1346.jpg,street
1347.jpg,buildings
1348.jpg,buildings
1349.jpg,forest
1350.jpg,sea
1351.jpg,sea
1352.jpg,glacier
1353.jpg,mountain
1354.jpg,sea
1355.jpg,mountain
1356.jpg,mountain
1357.jpg,buildings
1358.jpg,sea
1359.jpg,glacier
1360.jpg,street
1361.jpg,forest
1362.jpg,street
1363.jpg,forest
1364.jpg,sea
1365.jpg,buildings
1366.jpg,sea
1367.jpg,sea
1368.jpg,glacier
1369.jpg,street
1370.jpg,mountain
1371.jpg,glacier
1372.jpg,buildings
1373.jpg,glacier
1374.jpg,street
1375.jpg,forest
1376.jpg,street
1377.jpg,mountain
1378.jpg,mountain
1379.jpg,forest
1380.jpg,glacier
1381.jpg,mountain
1382.jpg,mountain
1383.jpg,street
1384.jpg,mountain
1385.jpg,glacier
1386.jpg,sea
1387.jpg,buildings
1388.jpg,buildings
1389.jpg,street
1390.jpg,forest
1391.jpg,buildings
1392.jpg,street
1393.jpg,glacier
1394.jpg,street
1395.jpg,sea
1396.jpg,street
1397.jpg,sea
1398.jpg,buildings
1399.jpg,buildings
1400.jpg,forest
1401.jpg,glacier
1402.jpg,mountain
1403.jpg,glacier
1404.jpg,glacier
1405.jpg,mountain
1406.jpg,glacier
1407.jpg,forest
1408.jpg,sea
1409.jpg,forest
1410.jpg,glacier
1411.jpg,sea
1412.jpg,sea
1413.jpg,forest
1414.jpg,glacier
1415.jpg,sea
1416.jpg,mountain
1417.jpg,street
1418.jpg,mountain
1419.jpg,glacier
1420.jpg,mountain
1421.jpg,sea
1422.jpg,glacier
1423.jpg,street
1424.jpg,forest
1425.jpg,street
1426.jpg,sea
1427.jpg,mountain
1428.jpg,mountain
1429.jpg,sea
1430.jpg,buildings
1431.jpg,mountain
1432.jpg,sea
1433.jpg,mountain
1434.jpg,forest
1435.jpg,mountain
1436.jpg,street
1437.jpg,mountain
1438.jpg,mountain
1439.jpg,street
1440.jpg,street
1441.jpg,mountain
1442.jpg,buildings
1443.jpg,sea
1444.jpg,sea
1445.jpg,mountain
1446.jpg,glacier
1447.jpg,buildings
1448.jpg,street
1449.jpg,glacier
1450.jpg,street
1451.jpg,buildings
1452.jpg,glacier
1453.jpg,sea
1454.jpg,street
1455.jpg,glacier
1456.jpg,glacier
1457.jpg,buildings
1458.jpg,street
1459.jpg,forest
1460.jpg,mountain
1461.jpg,mountain
1462.jpg,street
1463.jpg,sea
1464.jpg,mountain
1465.jpg,sea
1466.jpg,mountain
1467.jpg,forest
1468.jpg,forest
1469.jpg,street
1470.jpg,buildings
1471.jpg,mountain
1472.jpg,street
1473.jpg,mountain
1474.jpg,glacier
1475.jpg,mountain
1476.jpg,sea
1477.jpg,mountain
1478.jpg,buildings
1479.jpg,forest
1480.jpg,sea
1481.jpg,forest
1482.jpg,street
1483.jpg,mountain
1484.jpg,buildings
1485.jpg,glacier
1486.jpg,street
1487.jpg,street
1488.jpg,street
1489.jpg,glacier
1490.jpg,street
1491.jpg,mountain
1492.jpg,buildings
1493.jpg,sea
1494.jpg,sea
1495.jpg,buildings
1496.jpg,mountain
1497.jpg,glacier
1498.jpg,glacier
1499.jpg,mountain
1500.jpg,mountain
1501.jpg,sea
1502.jpg,forest
1503.jpg,glacier
1504.jpg,glacier
1505.jpg,buildings
1506.jpg,street
1507.jpg,glacier
1508.jpg,mountain
1509.jpg,buildings
1510.jpg,forest
1511.jpg,glacier
1512.jpg,sea
1513.jpg,forest
1514.jpg,mountain
1515.jpg,buildings
1516.jpg,glacier
1517.jpg,street
1518.jpg,forest
1519.jpg,glacier
1520.jpg,forest
1521.jpg,sea
1522.jpg,buildings
1523.jpg,forest
1524.jpg,buildings
1525.jpg,mountain
1526.jpg,forest
1527.jpg,buildings
1528.jpg,sea
1529.jpg,mountain
1530.jpg,street
1531.jpg,buildings
1532.jpg,glacier
1533.jpg,forest
1534.jpg,sea
1535.jpg,street
1536.jpg,sea
1537.jpg,glacier
1538.jpg,sea
1539.jpg,sea
1540.jpg,street
1541.jpg,buildings
1542.jpg,mountain
1543.jpg,glacier
1544.jpg,mountain
1545.jpg,street
1546.jpg,street
1547.jpg,glacier
1548.jpg,street
1549.jpg,mountain
1550.jpg,sea
1551.jpg,forest
1552.jpg,forest
1553.jpg,mountain
1554.jpg,forest
1555.jpg,forest
1556.jpg,buildings
1557.jpg,glacier
1558.jpg,forest
1559.jpg,mountain
1560.jpg,street
1561.jpg,street
1562.jpg,buildings
1563.jpg,buildings
1564.jpg,forest
1565.jpg,buildings
1566.jpg,forest
1567.jpg,glacier
1568.jpg,glacier
1569.jpg,mountain
1570.jpg,forest
1571.jpg,forest
1572.jpg,sea
1573.jpg,forest
1574.jpg,street
1575.jpg,street
1576.jpg,forest
1577.jpg,street
1578.jpg,glacier
1579.jpg,street
1580.jpg,glacier
1581.jpg,mountain
1582.jpg,street
1583.jpg,forest
1584.jpg,street
1585.jpg,mountain
1586.jpg,buildings
1587.jpg,sea
1588.jpg,street
1589.jpg,street
1590.jpg,street
1591.jpg,street
1592.jpg,mountain
1593.jpg,mountain
1594.jpg,mountain
1595.jpg,sea
1596.jpg,glacier
1597.jpg,street
1598.jpg,glacier
1599.jpg,mountain
1600.jpg,mountain
1601.jpg,forest
1602.jpg,buildings
1603.jpg,mountain
1604.jpg,glacier
1605.jpg,glacier
1606.jpg,buildings
1607.jpg,forest
1608.jpg,street
1609.jpg,street
1610.jpg,forest
1611.jpg,sea
1612.jpg,buildings
1613.jpg,street
1614.jpg,buildings
1615.jpg,forest
1616.jpg,street
1617.jpg,street
1618.jpg,mountain
1619.jpg,glacier
1620.jpg,street
1621.jpg,forest
1622.jpg,buildings
1623.jpg,forest
1624.jpg,sea
1625.jpg,mountain
1626.jpg,mountain
1627.jpg,street
1628.jpg,glacier
1629.jpg,forest
1630.jpg,glacier
1631.jpg,street
1632.jpg,buildings
1633.jpg,street
1634.jpg,mountain
1635.jpg,sea
1636.jpg,buildings
1637.jpg,sea
1638.jpg,buildings
1639.jpg,glacier
1640.jpg,sea
1641.jpg,glacier
1642.jpg,glacier
1643.jpg,sea
1644.jpg,mountain
1645.jpg,street
1646.jpg,forest
1647.jpg,forest
1648.jpg,buildings
1649.jpg,sea
1650.jpg,glacier
1651.jpg,glacier
1652.jpg,glacier
1653.jpg,mountain
1654.jpg,mountain
1655.jpg,glacier
1656.jpg,mountain
1657.jpg,forest
1658.jpg,forest
1659.jpg,forest
1660.jpg,street
1661.jpg,forest
1662.jpg,forest
1663.jpg,forest
1664.jpg,glacier
1665.jpg,sea
1666.jpg,glacier
1667.jpg,buildings
1668.jpg,street
1669.jpg,forest
1670.jpg,glacier
1671.jpg,street
1672.jpg,glacier
1673.jpg,glacier
1674.jpg,mountain
1675.jpg,buildings
1676.jpg,buildings
1677.jpg,sea
1678.jpg,forest
1679.jpg,buildings
1680.jpg,street
1681.jpg,sea
1682.jpg,forest
1683.jpg,mountain
1684.jpg,glacier
1685.jpg,mountain
1686.jpg,glacier
1687.jpg,sea
1688.jpg,mountain
1689.jpg,sea
1690.jpg,glacier
1691.jpg,street
1692.jpg,sea
1693.jpg,mountain
1694.jpg,glacier
1695.jpg,glacier
1696.jpg,forest
1697.jpg,forest
1698.jpg,mountain
1699.jpg,forest
1700.jpg,mountain
1701.jpg,mountain
1702.jpg,forest
1703.jpg,forest
1704.jpg,forest
1705.jpg,buildings
1706.jpg,street
1707.jpg,street
1708.jpg,buildings
1709.jpg,buildings
1710.jpg,forest
1711.jpg,glacier
1712.jpg,street
1713.jpg,buildings
1714.jpg,buildings
1715.jpg,mountain
1716.jpg,forest
1717.jpg,mountain
1718.jpg,mountain
1719.jpg,mountain
1720.jpg,sea
1721.jpg,mountain
1722.jpg,sea
1723.jpg,forest
1724.jpg,street
1725.jpg,street
1726.jpg,forest
1727.jpg,sea
1728.jpg,buildings
1729.jpg,forest
1730.jpg,buildings
1731.jpg,buildings
1732.jpg,buildings
1733.jpg,sea
1734.jpg,mountain
1735.jpg,glacier
1736.jpg,buildings
1737.jpg,glacier
1738.jpg,sea
1739.jpg,mountain
1740.jpg,glacier
1741.jpg,forest
1742.jpg,mountain
1743.jpg,sea
1744.jpg,glacier
1745.jpg,buildings
1746.jpg,forest
1747.jpg,sea
1748.jpg,mountain
1749.jpg,mountain
1750.jpg,glacier
1751.jpg,forest
1752.jpg,mountain
1753.jpg,forest
1754.jpg,mountain
1755.jpg,mountain
1756.jpg,glacier
1757.jpg,sea
1758.jpg,street
1759.jpg,glacier
1760.jpg,buildings
1761.jpg,forest
1762.jpg,glacier
1763.jpg,street
1764.jpg,glacier
1765.jpg,street
1766.jpg,mountain
1767.jpg,street
1768.jpg,mountain
1769.jpg,buildings
1770.jpg,sea
1771.jpg,mountain
1772.jpg,buildings
1773.jpg,forest
1774.jpg,forest
1775.jpg,glacier
1776.jpg,forest
1777.jpg,sea
1778.jpg,glacier
1779.jpg,forest
1780.jpg,street
1781.jpg,buildings
1782.jpg,glacier
1783.jpg,forest
1784.jpg,glacier
1785.jpg,sea
1786.jpg,street
1787.jpg,mountain
1788.jpg,buildings
1789.jpg,sea
1790.jpg,buildings
1791.jpg,sea
1792.jpg,buildings
1793.jpg,forest
1794.jpg,glacier
1795.jpg,sea
1796.jpg,forest
1797.jpg,glacier
1798.jpg,street
1799.jpg,mountain
1800.jpg,glacier
1801.jpg,forest
1802.jpg,buildings
1803.jpg,mountain
1804.jpg,mountain
1805.jpg,mountain
1806.jpg,mountain
1807.jpg,sea
1808.jpg,street
1809.jpg,forest
1810.jpg,mountain
1811.jpg,buildings
1812.jpg,mountain
1813.jpg,glacier
1814.jpg,buildings
1815.jpg,mountain
1816.jpg,sea
1817.jpg,buildings
1818.jpg,buildings
1819.jpg,sea
1820.jpg,buildings
1821.jpg,mountain
1822.jpg,buildings
1823.jpg,sea
1824.jpg,street
1825.jpg,glacier
1826.jpg,street
1827.jpg,street
1828.jpg,street
1829.jpg,street
1830.jpg,street
1831.jpg,mountain
1832.jpg,street
1833.jpg,glacier
1834.jpg,street
1835.jpg,forest
1836.jpg,street
1837.jpg,mountain
1838.jpg,glacier
1839.jpg,mountain
1840.jpg,sea
1841.jpg,buildings
1842.jpg,street
1843.jpg,street
1844.jpg,glacier
1845.jpg,forest
1846.jpg,forest
1847.jpg,sea
1848.jpg,mountain
1849.jpg,buildings
1850.jpg,glacier
1851.jpg,mountain
1852.jpg,mountain
1853.jpg,glacier
1854.jpg,glacier
1855.jpg,forest
1856.jpg,glacier
1857.jpg,buildings
1858.jpg,sea
1859.jpg,street
1860.jpg,glacier
1861.jpg,sea
1862.jpg,sea
1863.jpg,buildings
1864.jpg,buildings
1865.jpg,sea
1866.jpg,buildings
1867.jpg,sea
1868.jpg,mountain
1869.jpg,sea
1870.jpg,glacier
1871.jpg,street
1872.jpg,street
1873.jpg,street
1874.jpg,glacier
1875.jpg,mountain
1876.jpg,mountain
1877.jpg,glacier
1878.jpg,forest
1879.jpg,glacier
1880.jpg,street
1881.jpg,glacier
1882.jpg,glacier
1883.jpg,forest
1884.jpg,forest
1885.jpg,sea
1886.jpg,buildings
1887.jpg,street
1888.jpg,forest
1889.jpg,mountain
1890.jpg,mountain
1891.jpg,glacier
1892.jpg,forest
1893.jpg,buildings
1894.jpg,mountain
1895.jpg,sea
1896.jpg,buildings
1897.jpg,mountain
1898.jpg,mountain
1899.jpg,mountain
1900.jpg,sea
1901.jpg,mountain
1902.jpg,forest
1903.jpg,glacier
1904.jpg,glacier
1905.jpg,sea
1906.jpg,street
1907.jpg,street
1908.jpg,mountain
1909.jpg,buildings
1910.jpg,sea
1911.jpg,sea
1912.jpg,buildings
1913.jpg,street
1914.jpg,street
1915.jpg,street
1916.jpg,forest
1917.jpg,buildings
1918.jpg,glacier
1919.jpg,mountain
1920.jpg,mountain
1921.jpg,sea
1922.jpg,forest
1923.jpg,sea
1924.jpg,mountain
1925.jpg,street
1926.jpg,buildings
1927.jpg,sea
1928.jpg,mountain
1929.jpg,mountain
1930.jpg,mountain
1931.jpg,street
1932.jpg,sea
1933.jpg,street
1934.jpg,buildings
1935.jpg,forest
1936.jpg,forest
1937.jpg,glacier
1938.jpg,buildings
1939.jpg,street
1940.jpg,sea
1941.jpg,buildings
1942.jpg,forest
1943.jpg,glacier
1944.jpg,mountain
1945.jpg,glacier
1946.jpg,sea
1947.jpg,buildings
1948.jpg,glacier
1949.jpg,buildings
1950.jpg,sea
1951.jpg,mountain
1952.jpg,sea
1953.jpg,glacier
1954.jpg,forest
1955.jpg,sea
1956.jpg,glacier
1957.jpg,mountain
1958.jpg,buildings
1959.jpg,street
1960.jpg,mountain
1961.jpg,mountain
1962.jpg,mountain
1963.jpg,glacier
1964.jpg,buildings
1965.jpg,street
1966.jpg,mountain
1967.jpg,buildings
1968.jpg,buildings
1969.jpg,glacier
1970.jpg,mountain
1971.jpg,street
1972.jpg,mountain
1973.jpg,mountain
1974.jpg,buildings
1975.jpg,forest
1976.jpg,forest
1977.jpg,glacier
1978.jpg,buildings
1979.jpg,mountain
1980.jpg,forest
1981.jpg,sea
1982.jpg,mountain
1983.jpg,street
1984.jpg,buildings
1985.jpg,forest
1986.jpg,forest
1987.jpg,buildings
1988.jpg,street
1989.jpg,glacier
1990.jpg,street
1991.jpg,forest
1992.jpg,mountain
1993.jpg,glacier
1994.jpg,sea
1995.jpg,glacier
1996.jpg,glacier
1997.jpg,glacier
1998.jpg,buildings
1999.jpg,glacier
2000.jpg,buildings
2001.jpg,mountain
2002.jpg,street
2003.jpg,buildings
2004.jpg,forest
2005.jpg,street
2006.jpg,mountain
2007.jpg,glacier
2008.jpg,buildings
2009.jpg,mountain
2010.jpg,forest
2011.jpg,mountain
2012.jpg,mountain
2013.jpg,glacier
2014.jpg,mountain
2015.jpg,buildings
2016.jpg,forest
2017.jpg,glacier
2018.jpg,forest
2019.jpg,street
2020.jpg,forest
2021.jpg,buildings
2022.jpg,glacier
2023.jpg,street
2024.jpg,buildings
2025.jpg,buildings
2026.jpg,forest
2027.jpg,forest
2028.jpg,street
2029.jpg,glacier
2030.jpg,forest
2031.jpg,street
2032.jpg,buildings
2033.jpg,glacier
2034.jpg,glacier
2035.jpg,buildings
2036.jpg,sea
2037.jpg,street
2038.jpg,mountain
2039.jpg,glacier
2040.jpg,forest
2041.jpg,glacier
2042.jpg,forest
2043.jpg,glacier
2044.jpg,glacier
2045.jpg,mountain
2046.jpg,buildings
2047.jpg,buildings
2048.jpg,street
2049.jpg,forest
2050.jpg,buildings
2051.jpg,forest
2052.jpg,street
2053.jpg,mountain
2054.jpg,mountain
2055.jpg,sea
2056.jpg,street
2057.jpg,mountain
2058.jpg,glacier
2059.jpg,mountain
2060.jpg,sea
2061.jpg,sea
2062.jpg,mountain
2063.jpg,buildings
2064.jpg,street
2065.jpg,forest
2066.jpg,glacier
2067.jpg,street
2068.jpg,sea
2069.jpg,street
2070.jpg,forest
2071.jpg,street
2072.jpg,glacier
2073.jpg,glacier
2074.jpg,glacier
2075.jpg,glacier
2076.jpg,mountain
2077.jpg,street
2078.jpg,buildings
2079.jpg,street
2080.jpg,forest
2081.jpg,street
2082.jpg,glacier
2083.jpg,sea
2084.jpg,buildings
2085.jpg,street
2086.jpg,glacier
2087.jpg,sea
2088.jpg,buildings
2089.jpg,buildings
2090.jpg,mountain
2091.jpg,street
2092.jpg,sea
2093.jpg,buildings
2094.jpg,street
2095.jpg,glacier
2096.jpg,glacier
2097.jpg,sea
2098.jpg,sea
2099.jpg,mountain
2100.jpg,sea
2101.jpg,street
2102.jpg,forest
2103.jpg,street
2104.jpg,sea
2105.jpg,mountain
2106.jpg,forest
2107.jpg,sea
2108.jpg,forest
2109.jpg,buildings
2110.jpg,glacier
2111.jpg,forest
2112.jpg,buildings
2113.jpg,mountain
2114.jpg,glacier
2115.jpg,sea
2116.jpg,buildings
2117.jpg,buildings
2118.jpg,glacier
2119.jpg,buildings
2120.jpg,street
2121.jpg,street
2122.jpg,buildings
2123.jpg,mountain
2124.jpg,glacier
2125.jpg,street
2126.jpg,forest
2127.jpg,forest
2128.jpg,mountain
2129.jpg,glacier
2130.jpg,mountain
2131.jpg,forest
2132.jpg,glacier
2133.jpg,mountain
2134.jpg,mountain
2135.jpg,glacier
2136.jpg,street
2137.jpg,forest
2138.jpg,forest
2139.jpg,sea
2140.jpg,mountain
2141.jpg,sea
2142.jpg,street
2143.jpg,street
2144.jpg,sea
2145.jpg,sea
2146.jpg,sea
2147.jpg,mountain
2148.jpg,mountain
2149.jpg,glacier
2150.jpg,mountain
2151.jpg,sea
2152.jpg,glacier
2153.jpg,street
2154.jpg,buildings
2155.jpg,street
2156.jpg,street
2157.jpg,forest
2158.jpg,glacier
2159.jpg,glacier
2160.jpg,buildings
2161.jpg,street
2162.jpg,glacier
2163.jpg,buildings
2164.jpg,buildings
2165.jpg,forest
2166.jpg,mountain
2167.jpg,mountain
2168.jpg,forest
2169.jpg,buildings
2170.jpg,street
2171.jpg,glacier
2172.jpg,sea
2173.jpg,buildings
2174.jpg,mountain
2175.jpg,buildings
2176.jpg,sea
2177.jpg,mountain
2178.jpg,mountain
2179.jpg,street
2180.jpg,buildings
2181.jpg,glacier
2182.jpg,buildings
2183.jpg,street
2184.jpg,forest
2185.jpg,forest
2186.jpg,sea
2187.jpg,glacier
2188.jpg,street
2189.jpg,street
2190.jpg,sea
2191.jpg,sea
2192.jpg,sea
2193.jpg,buildings
2194.jpg,mountain
2195.jpg,street
2196.jpg,mountain
2197.jpg,sea
2198.jpg,mountain
2199.jpg,street
2200.jpg,mountain
2201.jpg,sea
2202.jpg,sea
2203.jpg,forest
2204.jpg,glacier
2205.jpg,mountain
2206.jpg,glacier
2207.jpg,glacier
2208.jpg,mountain
2209.jpg,buildings
2210.jpg,mountain
2211.jpg,sea
2212.jpg,glacier
2213.jpg,sea
2214.jpg,forest
2215.jpg,mountain
2216.jpg,street
2217.jpg,mountain
2218.jpg,sea
2219.jpg,sea
2220.jpg,sea
2221.jpg,buildings
2222.jpg,street
2223.jpg,buildings
2224.jpg,glacier
2225.jpg,forest
2226.jpg,street
2227.jpg,street
2228.jpg,glacier
2229.jpg,sea
2230.jpg,mountain
2231.jpg,mountain
2232.jpg,glacier
2233.jpg,forest
2234.jpg,mountain
2235.jpg,mountain
2236.jpg,forest
2237.jpg,sea
2238.jpg,buildings
2239.jpg,buildings
2240.jpg,glacier
2241.jpg,sea
2242.jpg,forest
2243.jpg,buildings
2244.jpg,glacier
2245.jpg,street
2246.jpg,glacier
2247.jpg,sea
2248.jpg,glacier
2249.jpg,forest
2250.jpg,forest
2251.jpg,street
2252.jpg,sea
2253.jpg,street
2254.jpg,street
2255.jpg,sea
2256.jpg,mountain
2257.jpg,mountain
2258.jpg,forest
2259.jpg,street
2260.jpg,forest
2261.jpg,forest
2262.jpg,sea
2263.jpg,mountain
2264.jpg,mountain
2265.jpg,glacier
2266.jpg,buildings
2267.jpg,glacier
2268.jpg,sea
2269.jpg,sea
2270.jpg,street
2271.jpg,street
2272.jpg,buildings
2273.jpg,forest
2274.jpg,street
2275.jpg,buildings
2276.jpg,street
2277.jpg,glacier
2278.jpg,sea
2279.jpg,mountain
2280.jpg,street
2281.jpg,buildings
2282.jpg,glacier
2283.jpg,forest
2284.jpg,forest
2285.jpg,sea
2286.jpg,buildings
2287.jpg,glacier
2288.jpg,sea
2289.jpg,buildings
2290.jpg,street
2291.jpg,buildings
2292.jpg,buildings
2293.jpg,glacier
2294.jpg,mountain
2295.jpg,buildings
2296.jpg,glacier
2297.jpg,forest
2298.jpg,mountain
2299.jpg,buildings
2300.jpg,glacier
2301.jpg,street
2302.jpg,glacier
2303.jpg,buildings
2304.jpg,street
2305.jpg,forest
2306.jpg,glacier
2307.jpg,mountain
2308.jpg,buildings
2309.jpg,street
2310.jpg,buildings
2311.jpg,sea
2312.jpg,glacier
2313.jpg,mountain
2314.jpg,mountain
2315.jpg,mountain
2316.jpg,mountain
2317.jpg,glacier
2318.jpg,forest
2319.jpg,glacier
2320.jpg,sea
2321.jpg,glacier
2322.jpg,sea
2323.jpg,sea
2324.jpg,buildings
2325.jpg,forest
2326.jpg,sea
2327.jpg,sea
2328.jpg,mountain
2329.jpg,forest
2330.jpg,glacier
2331.jpg,street
2332.jpg,sea
2333.jpg,forest
2334.jpg,sea
2335.jpg,sea
2336.jpg,buildings
2337.jpg,mountain
2338.jpg,mountain
2339.jpg,buildings
2340.jpg,forest
2341.jpg,street
2342.jpg,street
2343.jpg,buildings
2344.jpg,buildings
2345.jpg,sea
2346.jpg,forest
2347.jpg,sea
2348.jpg,buildings
2349.jpg,street
2350.jpg,street
2351.jpg,forest
2352.jpg,mountain
2353.jpg,mountain
2354.jpg,glacier
2355.jpg,street
2356.jpg,sea
2357.jpg,forest
2358.jpg,glacier
2359.jpg,buildings
2360.jpg,buildings
2361.jpg,sea
2362.jpg,mountain
2363.jpg,street
2364.jpg,sea
2365.jpg,buildings
2366.jpg,glacier
2367.jpg,sea
2368.jpg,buildings
2369.jpg,street
2370.jpg,forest
2371.jpg,glacier
2372.jpg,glacier
2373.jpg,glacier
2374.jpg,sea
2375.jpg,glacier
2376.jpg,forest
2377.jpg,buildings
2378.jpg,mountain
2379.jpg,glacier
2380.jpg,mountain
2381.jpg,street
2382.jpg,street
2383.jpg,buildings
2384.jpg,glacier
2385.jpg,buildings
2386.jpg,mountain
2387.jpg,street
2388.jpg,glacier
2389.jpg,forest
2390.jpg,sea
2391.jpg,mountain
2392.jpg,glacier
2393.jpg,street
2394.jpg,buildings
2395.jpg,buildings
2396.jpg,street
2397.jpg,glacier
2398.jpg,glacier
2399.jpg,buildings
2400.jpg,street
2401.jpg,sea
2402.jpg,street
2403.jpg,buildings
2404.jpg,sea
2405.jpg,mountain
2406.jpg,forest
2407.jpg,glacier
2408.jpg,glacier
2409.jpg,mountain
2410.jpg,forest
2411.jpg,buildings
2412.jpg,forest
2413.jpg,street
2414.jpg,mountain
2415.jpg,buildings
2416.jpg,buildings
2417.jpg,mountain
2418.jpg,glacier
2419.jpg,buildings
2420.jpg,forest
2421.jpg,mountain
2422.jpg,forest
2423.jpg,sea
2424.jpg,mountain
2425.jpg,street
2426.jpg,forest
2427.jpg,glacier
2428.jpg,sea
2429.jpg,mountain
2430.jpg,sea
2431.jpg,glacier
2432.jpg,glacier
2433.jpg,glacier
2434.jpg,buildings
2435.jpg,forest
2436.jpg,glacier
2437.jpg,sea
2438.jpg,forest
2439.jpg,forest
2440.jpg,sea
2441.jpg,glacier
2442.jpg,street
2443.jpg,sea
2444.jpg,glacier
2445.jpg,mountain
2446.jpg,glacier
2447.jpg,glacier
2448.jpg,mountain
2449.jpg,sea
2450.jpg,sea
2451.jpg,forest
2452.jpg,forest
2453.jpg,glacier
2454.jpg,street
2455.jpg,street
2456.jpg,glacier
2457.jpg,forest
2458.jpg,forest
2459.jpg,sea
2460.jpg,forest
2461.jpg,buildings
2462.jpg,glacier
2463.jpg,buildings
2464.jpg,street
2465.jpg,buildings
2466.jpg,forest
2467.jpg,glacier
2468.jpg,mountain
2469.jpg,sea
2470.jpg,forest
2471.jpg,buildings
2472.jpg,street
2473.jpg,mountain
2474.jpg,sea
2475.jpg,sea
2476.jpg,mountain
2477.jpg,street
2478.jpg,mountain
2479.jpg,forest
2480.jpg,mountain
2481.jpg,glacier
2482.jpg,forest
2483.jpg,glacier
2484.jpg,forest
2485.jpg,forest
2486.jpg,forest
2487.jpg,street
2488.jpg,glacier
2489.jpg,street
2490.jpg,forest
2491.jpg,mountain
2492.jpg,sea
2493.jpg,forest
2494.jpg,sea
2495.jpg,sea
2496.jpg,forest
2497.jpg,forest
2498.jpg,sea
2499.jpg,mountain
2500.jpg,sea
2501.jpg,street
2502.jpg,street
2503.jpg,buildings
2504.jpg,glacier
2505.jpg,forest
2506.jpg,forest
2507.jpg,glacier
2508.jpg,glacier
2509.jpg,mountain
2510.jpg,buildings
2511.jpg,mountain
2512.jpg,sea
2513.jpg,buildings
2514.jpg,mountain
2515.jpg,sea
2516.jpg,buildings
2517.jpg,forest
2518.jpg,forest
2519.jpg,buildings
2520.jpg,buildings
2521.jpg,sea
2522.jpg,buildings
2523.jpg,buildings
2524.jpg,forest
2525.jpg,buildings
2526.jpg,street
2527.jpg,glacier
2528.jpg,street
2529.jpg,mountain
2530.jpg,forest
2531.jpg,street
2532.jpg,mountain
2533.jpg,glacier
2534.jpg,sea
2535.jpg,buildings
2536.jpg,street
2537.jpg,buildings
2538.jpg,street
2539.jpg,street
2540.jpg,street
2541.jpg,street
2542.jpg,forest
2543.jpg,mountain
2544.jpg,sea
2545.jpg,sea
2546.jpg,forest
2547.jpg,forest
2548.jpg,buildings
2549.jpg,sea
2550.jpg,forest
2551.jpg,mountain
2552.jpg,glacier
2553.jpg,buildings
2554.jpg,mountain
2555.jpg,forest
2556.jpg,sea
2557.jpg,sea
2558.jpg,forest
2559.jpg,forest
2560.jpg,buildings
2561.jpg,forest
2562.jpg,forest
2563.jpg,glacier
2564.jpg,forest
2565.jpg,sea
2566.jpg,mountain
2567.jpg,buildings
2568.jpg,forest
2569.jpg,forest
2570.jpg,street
2571.jpg,forest
2572.jpg,mountain
2573.jpg,glacier
2574.jpg,forest
2575.jpg,glacier
2576.jpg,mountain
2577.jpg,street
2578.jpg,mountain
2579.jpg,buildings
2580.jpg,glacier
2581.jpg,street
2582.jpg,mountain
2583.jpg,street
2584.jpg,sea
2585.jpg,mountain
2586.jpg,street
2587.jpg,buildings
2588.jpg,glacier
2589.jpg,glacier
2590.jpg,mountain
2591.jpg,mountain
2592.jpg,forest
2593.jpg,sea
2594.jpg,sea
2595.jpg,mountain
2596.jpg,sea
2597.jpg,mountain
2598.jpg,sea
2599.jpg,mountain
2600.jpg,buildings
2601.jpg,mountain
2602.jpg,sea
2603.jpg,glacier
2604.jpg,sea
2605.jpg,mountain
2606.jpg,mountain
2607.jpg,forest
2608.jpg,sea
2609.jpg,mountain
2610.jpg,mountain
2611.jpg,mountain
2612.jpg,forest
2613.jpg,street
2614.jpg,sea
2615.jpg,forest
2616.jpg,mountain
2617.jpg,mountain
2618.jpg,buildings
2619.jpg,mountain
2620.jpg,glacier
2621.jpg,glacier
2622.jpg,buildings
2623.jpg,glacier
2624.jpg,glacier
2625.jpg,buildings
2626.jpg,buildings
2627.jpg,glacier
2628.jpg,sea
2629.jpg,mountain
2630.jpg,buildings
2631.jpg,glacier
2632.jpg,buildings
2633.jpg,street
2634.jpg,street
2635.jpg,glacier
2636.jpg,mountain
2637.jpg,mountain
2638.jpg,forest
2639.jpg,buildings
2640.jpg,mountain
2641.jpg,street
2642.jpg,street
2643.jpg,mountain
2644.jpg,buildings
2645.jpg,street
2646.jpg,street
2647.jpg,street
2648.jpg,sea
2649.jpg,glacier
2650.jpg,glacier
2651.jpg,street
2652.jpg,forest
2653.jpg,glacier
2654.jpg,buildings
2655.jpg,sea
2656.jpg,glacier
2657.jpg,sea
2658.jpg,sea
2659.jpg,buildings
2660.jpg,glacier
2661.jpg,mountain
2662.jpg,glacier
2663.jpg,buildings
2664.jpg,glacier
2665.jpg,sea
2666.jpg,street
2667.jpg,glacier
2668.jpg,forest
2669.jpg,forest
2670.jpg,sea
2671.jpg,street
2672.jpg,buildings
2673.jpg,sea
2674.jpg,sea
2675.jpg,mountain
2676.jpg,sea
2677.jpg,mountain
2678.jpg,mountain
2679.jpg,sea
2680.jpg,mountain
2681.jpg,glacier
2682.jpg,buildings
2683.jpg,glacier
2684.jpg,sea
2685.jpg,street
2686.jpg,sea
2687.jpg,mountain
2688.jpg,glacier
2689.jpg,sea
2690.jpg,sea
2691.jpg,mountain
2692.jpg,forest
2693.jpg,mountain
2694.jpg,mountain
2695.jpg,forest
2696.jpg,glacier
2697.jpg,sea
2698.jpg,sea
2699.jpg,buildings
2700.jpg,mountain
2701.jpg,mountain
2702.jpg,street
2703.jpg,street
2704.jpg,street
2705.jpg,sea
2706.jpg,glacier
2707.jpg,mountain
2708.jpg,forest
2709.jpg,forest
2710.jpg,mountain
2711.jpg,sea
2712.jpg,sea
2713.jpg,glacier
2714.jpg,street
2715.jpg,buildings
2716.jpg,street
2717.jpg,sea
2718.jpg,street
2719.jpg,buildings
2720.jpg,glacier
2721.jpg,glacier
2722.jpg,street
2723.jpg,forest
2724.jpg,forest
2725.jpg,mountain
2726.jpg,street
2727.jpg,buildings
2728.jpg,street
2729.jpg,mountain
2730.jpg,buildings
2731.jpg,street
2732.jpg,glacier
2733.jpg,sea
2734.jpg,forest
2735.jpg,glacier
2736.jpg,buildings
2737.jpg,forest
2738.jpg,buildings
2739.jpg,sea
2740.jpg,forest
2741.jpg,sea
2742.jpg,sea
2743.jpg,glacier
2744.jpg,street
2745.jpg,forest
2746.jpg,street
2747.jpg,sea
2748.jpg,buildings
2749.jpg,street
2750.jpg,sea
2751.jpg,sea
2752.jpg,mountain
2753.jpg,mountain
2754.jpg,buildings
2755.jpg,sea
2756.jpg,street
2757.jpg,glacier
2758.jpg,buildings
2759.jpg,mountain
2760.jpg,glacier
2761.jpg,mountain
2762.jpg,glacier
2763.jpg,sea
2764.jpg,forest
2765.jpg,sea
2766.jpg,forest
2767.jpg,sea
2768.jpg,street
2769.jpg,forest
2770.jpg,sea
2771.jpg,sea
2772.jpg,glacier
2773.jpg,street
2774.jpg,buildings
2775.jpg,buildings
2776.jpg,mountain
2777.jpg,sea
2778.jpg,forest
2779.jpg,glacier
2780.jpg,buildings
2781.jpg,glacier
2782.jpg,forest
2783.jpg,mountain
2784.jpg,glacier
2785.jpg,forest
2786.jpg,mountain
2787.jpg,glacier
2788.jpg,sea
2789.jpg,forest
2790.jpg,mountain
2791.jpg,mountain
2792.jpg,mountain
2793.jpg,forest
2794.jpg,forest
2795.jpg,glacier
2796.jpg,mountain
2797.jpg,street
2798.jpg,sea
2799.jpg,glacier
2800.jpg,buildings
2801.jpg,sea
2802.jpg,street
2803.jpg,sea
2804.jpg,buildings
2805.jpg,mountain
2806.jpg,glacier
2807.jpg,sea
2808.jpg,buildings
2809.jpg,forest
2810.jpg,buildings
2811.jpg,street
2812.jpg,street
2813.jpg,forest
2814.jpg,sea
2815.jpg,mountain
2816.jpg,mountain
2817.jpg,buildings
2818.jpg,street
2819.jpg,sea
2820.jpg,forest
2821.jpg,mountain
2822.jpg,mountain
2823.jpg,buildings
2824.jpg,buildings
2825.jpg,glacier
2826.jpg,sea
2827.jpg,glacier
2828.jpg,mountain
2829.jpg,forest
2830.jpg,glacier
2831.jpg,forest
2832.jpg,buildings
2833.jpg,glacier
2834.jpg,buildings
2835.jpg,sea
2836.jpg,street
2837.jpg,sea
2838.jpg,sea
2839.jpg,buildings
2840.jpg,street
2841.jpg,street
2842.jpg,mountain
2843.jpg,mountain
2844.jpg,street
2845.jpg,street
2846.jpg,glacier
2847.jpg,sea
2848.jpg,sea
2849.jpg,mountain
2850.jpg,sea
2851.jpg,sea
2852.jpg,street
2853.jpg,mountain
2854.jpg,glacier
2855.jpg,buildings
2856.jpg,forest
2857.jpg,buildings
2858.jpg,mountain
2859.jpg,sea
2860.jpg,glacier
2861.jpg,mountain
2862.jpg,buildings
2863.jpg,forest
2864.jpg,forest
2865.jpg,glacier
2866.jpg,buildings
2867.jpg,glacier
2868.jpg,forest
2869.jpg,forest
2870.jpg,forest
2871.jpg,buildings
2872.jpg,mountain
2873.jpg,mountain
2874.jpg,buildings
2875.jpg,buildings
2876.jpg,buildings
2877.jpg,mountain
2878.jpg,street
2879.jpg,street
2880.jpg,glacier
2881.jpg,forest
2882.jpg,forest
2883.jpg,mountain
2884.jpg,glacier
2885.jpg,mountain
2886.jpg,sea
2887.jpg,street
2888.jpg,street
2889.jpg,street
2890.jpg,sea
2891.jpg,sea
2892.jpg,street
2893.jpg,street
2894.jpg,mountain
2895.jpg,glacier
2896.jpg,sea
2897.jpg,glacier
2898.jpg,street
2899.jpg,forest
2900.jpg,forest
2901.jpg,sea
2902.jpg,street
2903.jpg,sea
2904.jpg,sea
2905.jpg,street
2906.jpg,glacier
2907.jpg,buildings
2908.jpg,mountain
2909.jpg,sea
2910.jpg,forest
2911.jpg,glacier
2912.jpg,sea
2913.jpg,street
2914.jpg,street
2915.jpg,forest
2916.jpg,mountain
2917.jpg,glacier
2918.jpg,buildings
2919.jpg,sea
2920.jpg,sea
2921.jpg,mountain
2922.jpg,sea
2923.jpg,glacier
2924.jpg,buildings
2925.jpg,glacier
2926.jpg,street
2927.jpg,sea
2928.jpg,street
2929.jpg,sea
2930.jpg,street
2931.jpg,sea
2932.jpg,buildings
2933.jpg,buildings
2934.jpg,glacier
2935.jpg,street
2936.jpg,mountain
2937.jpg,forest
2938.jpg,street
2939.jpg,sea
2940.jpg,glacier
2941.jpg,street
2942.jpg,sea
2943.jpg,glacier
2944.jpg,street
2945.jpg,street
2946.jpg,buildings
2947.jpg,mountain
2948.jpg,glacier
2949.jpg,glacier
2950.jpg,mountain
2951.jpg,forest
2952.jpg,mountain
2953.jpg,forest
2954.jpg,forest
2955.jpg,street
2956.jpg,glacier
2957.jpg,glacier
2958.jpg,mountain
2959.jpg,sea
2960.jpg,forest
2961.jpg,sea
2962.jpg,mountain
2963.jpg,sea
2964.jpg,mountain
2965.jpg,glacier
2966.jpg,glacier
2967.jpg,mountain
2968.jpg,sea
2969.jpg,mountain
2970.jpg,forest
2971.jpg,forest
2972.jpg,sea
2973.jpg,forest
2974.jpg,mountain
2975.jpg,sea
2976.jpg,sea
2977.jpg,sea
2978.jpg,mountain
2979.jpg,buildings
2980.jpg,forest
2981.jpg,forest
2982.jpg,glacier
2983.jpg,forest
2984.jpg,street
2985.jpg,buildings
2986.jpg,sea
2987.jpg,mountain
2988.jpg,street
2989.jpg,sea
2990.jpg,mountain
2991.jpg,street
2992.jpg,street
2993.jpg,forest
2994.jpg,street
2995.jpg,buildings
2996.jpg,street
2997.jpg,forest
2998.jpg,buildings
2999.jpg,sea
3000.jpg,forest
3001.jpg,forest
3002.jpg,mountain
3003.jpg,street
3004.jpg,mountain
3005.jpg,forest
3006.jpg,glacier
3007.jpg,mountain
3008.jpg,mountain
3009.jpg,buildings
3010.jpg,sea
3011.jpg,sea
3012.jpg,forest
3013.jpg,glacier
3014.jpg,sea
3015.jpg,forest
3016.jpg,glacier
3017.jpg,glacier
3018.jpg,sea
3019.jpg,forest
3020.jpg,sea
3021.jpg,buildings
3022.jpg,mountain
3023.jpg,forest
3024.jpg,glacier
3025.jpg,mountain
3026.jpg,sea
3027.jpg,glacier
3028.jpg,sea
3029.jpg,street
3030.jpg,forest
3031.jpg,sea
3032.jpg,mountain
3033.jpg,street
3034.jpg,glacier
3035.jpg,glacier
3036.jpg,forest
3037.jpg,sea
3038.jpg,glacier
3039.jpg,glacier
3040.jpg,buildings
3041.jpg,street
3042.jpg,mountain
3043.jpg,street
3044.jpg,buildings
3045.jpg,forest
3046.jpg,glacier
3047.jpg,street
3048.jpg,forest
3049.jpg,street
3050.jpg,forest
3051.jpg,forest
3052.jpg,glacier
3053.jpg,sea
3054.jpg,street
3055.jpg,mountain
3056.jpg,glacier
3057.jpg,sea
3058.jpg,mountain
3059.jpg,street
3060.jpg,glacier
3061.jpg,street
3062.jpg,mountain
3063.jpg,buildings
3064.jpg,mountain
3065.jpg,mountain
3066.jpg,glacier
3067.jpg,forest
3068.jpg,buildings
3069.jpg,glacier
3070.jpg,buildings
3071.jpg,sea
3072.jpg,street
3073.jpg,mountain
3074.jpg,buildings
3075.jpg,sea
3076.jpg,forest
3077.jpg,buildings
3078.jpg,street
3079.jpg,mountain
3080.jpg,mountain
3081.jpg,mountain
3082.jpg,buildings
3083.jpg,glacier
3084.jpg,buildings
3085.jpg,mountain
3086.jpg,forest
3087.jpg,glacier
3088.jpg,mountain
3089.jpg,mountain
3090.jpg,mountain
3091.jpg,buildings
3092.jpg,forest
3093.jpg,glacier
3094.jpg,sea
3095.jpg,buildings
3096.jpg,sea
3097.jpg,forest
3098.jpg,glacier
3099.jpg,sea
3100.jpg,glacier
3101.jpg,mountain
3102.jpg,mountain
3103.jpg,glacier
3104.jpg,glacier
3105.jpg,glacier
3106.jpg,street
3107.jpg,sea
3108.jpg,mountain
3109.jpg,mountain
3110.jpg,mountain
3111.jpg,street
3112.jpg,forest
3113.jpg,street
3114.jpg,forest
3115.jpg,street
3116.jpg,buildings
3117.jpg,mountain
3118.jpg,glacier
3119.jpg,street
3120.jpg,buildings
3121.jpg,glacier
3122.jpg,forest
3123.jpg,sea
3124.jpg,sea
3125.jpg,glacier
3126.jpg,forest
3127.jpg,mountain
3128.jpg,forest
3129.jpg,street
3130.jpg,forest
3131.jpg,forest
3132.jpg,buildings
3133.jpg,street
3134.jpg,buildings
3135.jpg,street
3136.jpg,buildings
3137.jpg,glacier
3138.jpg,glacier
3139.jpg,buildings
3140.jpg,buildings
3141.jpg,street
3142.jpg,buildings
3143.jpg,street
3144.jpg,street
3145.jpg,forest
3146.jpg,street
3147.jpg,street
3148.jpg,glacier
3149.jpg,buildings
3150.jpg,sea
3151.jpg,street
3152.jpg,mountain
3153.jpg,sea
3154.jpg,glacier
3155.jpg,forest
3156.jpg,forest
3157.jpg,mountain
3158.jpg,street
3159.jpg,glacier
3160.jpg,glacier
3161.jpg,glacier
3162.jpg,sea
3163.jpg,glacier
3164.jpg,buildings
3165.jpg,buildings
3166.jpg,sea
3167.jpg,mountain
3168.jpg,glacier
3169.jpg,sea
3170.jpg,sea
3171.jpg,sea
3172.jpg,buildings
3173.jpg,forest
3174.jpg,buildings
3175.jpg,forest
3176.jpg,sea
3177.jpg,sea
3178.jpg,mountain
3179.jpg,glacier
3180.jpg,forest
3181.jpg,glacier
3182.jpg,mountain
3183.jpg,forest
3184.jpg,street
3185.jpg,street
3186.jpg,forest
3187.jpg,glacier
3188.jpg,glacier
3189.jpg,buildings
3190.jpg,glacier
3191.jpg,buildings
3192.jpg,mountain
3193.jpg,glacier
3194.jpg,buildings
3195.jpg,sea
3196.jpg,mountain
3197.jpg,mountain
3198.jpg,forest
3199.jpg,buildings
3200.jpg,glacier
3201.jpg,forest
3202.jpg,sea
3203.jpg,buildings
3204.jpg,street
3205.jpg,sea
3206.jpg,buildings
3207.jpg,sea
3208.jpg,sea
3209.jpg,street
3210.jpg,glacier
3211.jpg,mountain
3212.jpg,street
3213.jpg,glacier
3214.jpg,mountain
3215.jpg,glacier
3216.jpg,mountain
3217.jpg,buildings
3218.jpg,street
3219.jpg,mountain
3220.jpg,forest
3221.jpg,sea
3222.jpg,forest
3223.jpg,forest
3224.jpg,glacier
3225.jpg,mountain
3226.jpg,street
3227.jpg,sea
3228.jpg,sea
3229.jpg,sea
3230.jpg,mountain
3231.jpg,buildings
3232.jpg,sea
3233.jpg,forest
3234.jpg,buildings
3235.jpg,sea
3236.jpg,mountain
3237.jpg,street
3238.jpg,buildings
3239.jpg,street
3240.jpg,sea
3241.jpg,forest
3242.jpg,street
3243.jpg,street
3244.jpg,glacier
3245.jpg,street
3246.jpg,street
3247.jpg,buildings
3248.jpg,forest
3249.jpg,buildings
3250.jpg,mountain
3251.jpg,buildings
3252.jpg,buildings
3253.jpg,glacier
3254.jpg,sea
3255.jpg,buildings
3256.jpg,glacier
3257.jpg,mountain
3258.jpg,buildings
3259.jpg,mountain
3260.jpg,buildings
3261.jpg,glacier
3262.jpg,buildings
3263.jpg,buildings
3264.jpg,sea
3265.jpg,mountain
3266.jpg,forest
3267.jpg,mountain
3268.jpg,sea
3269.jpg,forest
3270.jpg,forest
3271.jpg,street
3272.jpg,buildings
3273.jpg,buildings
3274.jpg,street
3275.jpg,forest
3276.jpg,forest
3277.jpg,sea
3278.jpg,forest
3279.jpg,sea
3280.jpg,sea
3281.jpg,mountain
3282.jpg,forest
3283.jpg,forest
3284.jpg,buildings
3285.jpg,buildings
3286.jpg,sea
3287.jpg,forest
3288.jpg,buildings
3289.jpg,glacier
3290.jpg,sea
3291.jpg,forest
3292.jpg,mountain
3293.jpg,sea
3294.jpg,mountain
3295.jpg,sea
3296.jpg,glacier
3297.jpg,sea
3298.jpg,mountain
3299.jpg,street
3300.jpg,buildings
3301.jpg,glacier
3302.jpg,glacier
3303.jpg,glacier
3304.jpg,glacier
3305.jpg,forest
3306.jpg,sea
3307.jpg,mountain
3308.jpg,forest
3309.jpg,sea
3310.jpg,forest
3311.jpg,glacier
3312.jpg,street
3313.jpg,glacier
3314.jpg,forest
3315.jpg,glacier
3316.jpg,street
3317.jpg,street
3318.jpg,forest
3319.jpg,buildings
3320.jpg,sea
3321.jpg,mountain
3322.jpg,street
3323.jpg,buildings
3324.jpg,mountain
3325.jpg,sea
3326.jpg,mountain
3327.jpg,mountain
3328.jpg,buildings
3329.jpg,glacier
3330.jpg,forest
3331.jpg,mountain
3332.jpg,mountain
3333.jpg,glacier
3334.jpg,mountain
3335.jpg,mountain
3336.jpg,glacier
3337.jpg,buildings
3338.jpg,street
3339.jpg,sea
3340.jpg,glacier
3341.jpg,glacier
3342.jpg,sea
3343.jpg,glacier
3344.jpg,buildings
3345.jpg,buildings
3346.jpg,sea
3347.jpg,sea
3348.jpg,glacier
3349.jpg,mountain
3350.jpg,buildings
3351.jpg,street
3352.jpg,forest
3353.jpg,buildings
3354.jpg,forest
3355.jpg,street
3356.jpg,mountain
3357.jpg,forest
3358.jpg,buildings
3359.jpg,buildings
3360.jpg,forest
3361.jpg,street
3362.jpg,mountain
3363.jpg,buildings
3364.jpg,buildings
3365.jpg,mountain
3366.jpg,forest
3367.jpg,mountain
3368.jpg,street
3369.jpg,street
3370.jpg,buildings
3371.jpg,glacier
3372.jpg,mountain
3373.jpg,street
3374.jpg,sea
3375.jpg,street
3376.jpg,sea
3377.jpg,sea
3378.jpg,sea
3379.jpg,buildings
3380.jpg,sea
3381.jpg,buildings
3382.jpg,sea
3383.jpg,mountain
3384.jpg,forest
3385.jpg,street
3386.jpg,mountain
3387.jpg,glacier
3388.jpg,glacier
3389.jpg,sea
3390.jpg,sea
3391.jpg,forest
3392.jpg,mountain
3393.jpg,street
3394.jpg,sea
3395.jpg,sea
3396.jpg,glacier
3397.jpg,buildings
3398.jpg,mountain
3399.jpg,mountain
3400.jpg,sea
3401.jpg,street
3402.jpg,mountain
3403.jpg,mountain
3404.jpg,street
3405.jpg,mountain
3406.jpg,street
3407.jpg,street
3408.jpg,glacier
